Designator,Mid X,Mid Y,Rotation,Layer
A1,29.748,28.431991,180.0,top
C1,17.588,93.307191,180.0,bottom
C10,33.268,88.017191,90.0,bottom
C11,33.248,92.457191,90.0,bottom
C12,21.448,75.007191,90.0,bottom
C13,35.618,79.021891,90.0,top
C14,15.788,84.347191,270.0,bottom
C15,19.088,66.447191,90.0,top
C16,36.86,68.817991,90.0,top
C17,28.1986,66.404991,270.0,top
C18,14.605,58.704191,90.0,bottom
C19,14.605,52.150991,270.0,bottom
C2,9.62833,93.307191,270.0,bottom
C20,24.538,8.147191,90.0,bottom
C21,25.248,79.569691,0.0,top
C22,25.248,77.059691,0.0,top
C23,9.388,89.247191,270.0,top
C24,47.8028,60.758191,0.0,bottom
C25,23.868,19.967191,270.0,bottom
C26,34.628,9.267191,270.0,bottom
C27,34.628,19.809691,270.0,bottom
C28,34.659,14.197191,270.0,bottom
C29,34.638,25.227191,270.0,bottom
C3,13.208,88.057191,180.0,bottom
C4,16.6116,89.311191,270.0,top
C5,39.728,83.023391,180.0,top
C6,44.928,84.007191,90.0,bottom
C7,44.898,92.557641,90.0,bottom
C8,21.518,92.357191,270.0,bottom
C9,21.488,84.347191,270.0,bottom
D1,16.6116,89.225591,270.0,bottom
D10,7.788,43.287191,270.0,bottom
D11,25.508,83.384691,270.0,top
D12,16.9418,46.147591,270.0,top
D13,8.2034,67.691591,270.0,bottom
D14,16.7864,71.011591,270.0,top
D15,7.938,30.407191,270.0,bottom
D16,16.9733,33.558191,270.0,top
D17,16.9418,21.026991,270.0,top
D18,8.0264,17.574991,270.0,bottom
D19,25.528,28.037191,180.0,bottom
D2,40.863065,90.200191,90.0,bottom
D20,30.758,9.236391,270.0,bottom
D21,30.758,19.834691,270.0,bottom
D22,30.758,14.449483,270.0,bottom
D23,30.758,25.134691,270.0,bottom
D24,42.828,72.237191,0.0,top
D29,25.513,33.322191,0.0,bottom
D3,40.863065,85.501191,90.0,bottom
D30,25.538,35.847191,0.0,bottom
D5,37.3888,91.470191,180.0,bottom
D6,21.478,79.718791,90.0,bottom
D7,8.246,55.206391,270.0,bottom
D8,16.8656,58.754991,270.0,top
D9,43.2054,46.639191,270.0,top
J1,9.988,97.807191,90.0,bottom
J10,50.1142,55.376791,90.0,top
J11,50.1904,30.357791,90.0,top
J12,50.1904,42.981591,90.0,top
J2,44.878,97.847191,90.0,bottom
J3,21.618,97.854691,90.0,bottom
J4,33.248,97.854691,90.0,bottom
J5,4.572,67.716991,270.0,top
J6,4.572,42.778391,270.0,top
J7,4.5058,55.245591,270.0,top
J8,4.5612,30.205391,270.0,top
J9,4.5466,17.570791,270.0,top
JP1,50.148,63.552191,270.0,top
JP10,47.568,67.949791,90.0,top
JP2,44.8818,20.940391,0.0,top
JP3,13.1318,2.163791,90.0,top
JP4,44.8818,14.914591,0.0,top
JP5,52.768,18.417191,180.0,top
JP6,25.578,58.547191,270.0,top
JP7,13.081,8.310591,90.0,top
JP8,44.8818,4.754591,0.0,top
JP9,51.418,72.247191,270.0,top
L1,12.7254,82.554791,270.0,bottom
P1,27.4574,90.904591,180.0,top
Q1,46.4538,44.679191,90.0,bottom
Q10,46.2788,54.154191,270.0,bottom
Q11,12.1158,30.306991,270.0,top
Q12,14.4526,24.617391,270.0,bottom
Q13,30.648,41.617191,270.0,bottom
Q14,12.0294,17.596191,270.0,top
Q15,34.538,31.899691,180.0,bottom
Q16,16.1798,20.553391,270.0,bottom
Q2,46.4538,38.862591,90.0,bottom
Q3,27.7922,67.801991,90.0,bottom
Q4,24.188,38.977191,0.0,bottom
Q5,11.9488,42.854591,270.0,top
Q6,35.588,64.547191,180.0,top
Q7,24.218,43.147191,0.0,bottom
Q8,11.8864,67.691591,270.0,top
Q9,15.2864,72.941591,270.0,bottom
R1,14.1224,89.311191,90.0,top
R10,39.728,78.105791,0.0,top
R12,17.018,76.839791,180.0,top
R13,18.388,80.277191,90.0,top
R14,36.548,84.377191,90.0,bottom
R15,21.8058,66.472591,90.0,top
R16,24.9728,66.404991,90.0,top
R17,16.8402,52.096291,90.0,bottom
R18,44.888,34.247191,0.0,bottom
R19,11.9488,36.783991,90.0,bottom
R2,39.728,85.497191,0.0,top
R20,14.3618,36.809391,90.0,bottom
R21,35.388,59.869674,90.0,top
R22,34.2184,68.843391,270.0,top
R23,14.388,41.347191,90.0,bottom
R24,16.9418,41.305191,90.0,bottom
R25,25.208,74.719691,180.0,top
R26,14.4264,66.15859,90.0,bottom
R27,16.764,66.171791,270.0,bottom
R28,37.688,59.847191,90.0,top
R29,52.324,60.761591,180.0,bottom
R3,44.898,88.036441,90.0,bottom
R30,14.4272,29.036991,90.0,bottom
R31,25.638,31.097191,0.0,bottom
R32,44.888,27.797191,0.0,bottom
R33,26.528,20.017191,270.0,bottom
R34,34.708,41.557191,0.0,bottom
R35,25.788,24.967191,180.0,bottom
R36,44.688,10.637191,180.0,bottom
R37,30.458,28.997191,0.0,bottom
R38,30.458,38.357191,0.0,bottom
R39,30.458,31.897191,0.0,bottom
R4,12.168,91.287191,270.0,bottom
R40,34.708,38.367191,0.0,bottom
R41,14.4272,15.422591,90.0,bottom
R42,44.888,24.597191,180.0,bottom
R43,44.888,18.547191,180.0,bottom
R44,34.708,35.377191,0.0,bottom
R45,39.728,71.537191,90.0,bottom
R5,9.56753,86.800591,270.0,bottom
R6,14.388,92.447191,270.0,bottom
R7,39.728,80.549591,180.0,top
R8,3.866,88.498391,90.0,top
R9,15.788,80.294191,90.0,top
U1,27.4944,80.973391,0.0,bottom
U2,11.9708,55.460391,270.0,top
